<?xml version="1.0" encoding="utf-8" ?>
<codetemplate	xmlns="http://schemas.borland.com/Delphi/2005/codetemplates"
				version="1.0.0">
	<template name="uScriptingEngine" invoke="manual">
		<description>
		  Declares a scripting engine unit.
		  NOTE: Needs the GeneralScriptingEngine to add a Guid!
		</description>
		<author>
		  Jim McKeeth - www.DavinciUnltd.com			
		</author>
		<point name="ScriptingEngine">
		  <text>ScriptingEngine</text>
		  <hint>Class name for live template scripting engine.</hint>
		</point>
		<point name="NewGuid">
		  <text>NewGuid</text>
		  <hint>A new GUID.</hint>
		</point>
		<script language="GeneralScriptingEngine" onValidate="true">
			NewGuid=NewGuid
		</script>
		<code language="Delphi" delimiter='|'><![CDATA[
unit u|ScriptingEngine|;

interface

uses
|*|CodeTemplateAPI, ToolsAPI, Classes, uBaseScriptEngine;

type
|*|T|ScriptingEngine| = class(TBaseScriptEngine)
|*|protected
|*||*|function GetIDString: WideString; override;
|*||*|function GetLanguage: WideString; override;
|*|public
|*||*|procedure Execute(const ATemplate: IOTACodeTemplate;
|*||*||*|const APoint: IOTACodeTemplatePoint;
|*||*||*|const ASyncPoints: IOTASyncEditPoints;
|*||*||*|const AScript: IOTACodeTemplateScript;
|*||*||*|var Cancel: Boolean); override;
|*|end;

procedure Register;


implementation

uses
|*|SysUtils;

procedure Register;
begin
|*|(BorlandIDEServices as IOTACodeTemplateServices).
|*||*|RegisterScriptEngine(T|ScriptingEngine|.Create);
end;

{ T|ScriptingEngine| }

procedure T|ScriptingEngine|.Execute(const ATemplate: IOTACodeTemplate;
|*|const APoint: IOTACodeTemplatePoint; const ASyncPoints: IOTASyncEditPoints;
|*|const AScript: IOTACodeTemplateScript; var Cancel: Boolean);
var
|*|TempPoint: IOTACodeTemplatePoint;
|*|i: integer;
|*|LineName: string;
|*|LineValue: string;
begin
|*|inherited;
|*|Assert(aTemplate <> nil, 'No template provided!');
|*|begin
|*||*|for i := 0 to ScriptInfo.Count - 1 do
|*||*|begin
|*||*||*|LineName := Trim(ScriptInfo.Names[i]);
|*||*||*|LineValue := Trim(ScriptInfo.Values[LineName]);
|*||*||*|TempPoint := aTemplate.FindPoint(LineName);
|*||*||*|Assert(TempPoint <> nil, 'No Point named ' + LineName + ' found!');
|*||*||*|TempPoint.Value := LineValue; // Your value here!
|*||*|end;
|*|end;
end;

function T|ScriptingEngine|.GetIDString: WideString;
begin
|*|Result := '|NewGuid|';
end;

function T|ScriptingEngine|.GetLanguage: WideString;
begin
|*|Result := '|ScriptingEngine|';
end;

end.
]]>
		</code>
	</template>
</codetemplate>